Order ID,Order Date,Region,Category,Product Name,Sales
CA-2017-152156,08-11-2017,South,Furniture,Bush Somerset Collection Bookcase,261.96
CA-2017-152156,08-11-2017,South,Furniture,"Hon Deluxe Fabric Upholstered Stacking Chairs, Rounded Back",731.94
CA-2017-138688,12-06-2017,West,Office Supplies,Self-Adhesive Address Labels for Typewriters by Universal,14.62
US-2016-108966,11-10-2016,South,Furniture,Bretford CR4500 Series Slim Rectangular Table,957.5775
US-2016-108966,11-10-2016,South,Office Supplies,Eldon Fold 'N Roll Cart System,22.368
CA-2015-115812,09-06-2015,West,Furniture,"Eldon Expressions Wood and Plastic Desk Accessories, Cherry Wood",48.86
CA-2015-115812,09-06-2015,West,Office Supplies,Newell 322,7.28
CA-2015-115812,09-06-2015,West,Technology,Mitel 5320 IP Phone VoIP phone,907.152
CA-2015-115812,09-06-2015,West,Office Supplies,DXL Angle-View Binders with Locking Rings by Samsill,18.504
CA-2015-115812,09-06-2015,West,Office Supplies,Belkin F5C206VTEL 6 Outlet Surge,114.9
CA-2015-115812,09-06-2015,West,Furniture,Chromcraft Rectangular Conference Tables,1706.184
CA-2015-115812,09-06-2015,West,Technology,Konftel 250 Conference phone - Charcoal black,911.424
CA-2018-114412,15-04-2018,South,Office Supplies,Xerox 1967,15.552
CA-2017-161389,05-12-2017,West,Office Supplies,Fellowes PB200 Plastic Comb Binding Machine,407.976
US-2016-118983,22-11-2016,Central,Office Supplies,"Holmes Replacement Filter for HEPA Air Cleaner, Very Large Room, HEPA Filter",68.81
US-2016-118983,22-11-2016,Central,Office Supplies,Storex DuraTech Recycled Plastic Frosted Binders,2.544
CA-2015-105893,11-11-2015,Central,Office Supplies,"Stur-D-Stor Shelving, Vertical 5-Shelf: 72""H x 36""W x 18 1/2""D",665.88
CA-2015-167164,13-05-2015,West,Office Supplies,Fellowes Super Stor/Drawer,55.5
CA-2015-143336,27-08-2015,West,Office Supplies,Newell 341,8.56
CA-2015-143336,27-08-2015,West,Technology,Cisco SPA 501G IP Phone,213.48
CA-2015-143336,27-08-2015,West,Office Supplies,"Wilson Jones Hanging View Binder, White, 1""",22.72
CA-2017-137330,09-12-2017,Central,Office Supplies,Newell 318,19.46
CA-2017-137330,09-12-2017,Central,Office Supplies,"Acco Six-Outlet Power Strip, 4' Cord Length",60.34
US-2018-156909,16-07-2018,East,Furniture,"Global Deluxe Stacking Chair, Gray",71.372
CA-2016-106320,25-09-2016,West,Furniture,Bretford CR4500 Series Slim Rectangular Table,1044.63
CA-2017-121755,16-01-2017,West,Office Supplies,Wilson Jones Active Use Binders,11.648
CA-2017-121755,16-01-2017,West,Technology,Imation 8GB Mini TravelDrive USB 2.0 Flash Drive,90.57
US-2016-150630,17-09-2016,East,Furniture,"Riverside Palais Royal Lawyers Bookcase, Royale Cherry Finish",3083.43
US-2016-150630,17-09-2016,East,Office Supplies,Avery Recycled Flexi-View Covers for Binding Systems,9.618
US-2016-150630,17-09-2016,East,Furniture,"Howard Miller 13-3/4"" Diameter Brushed Chrome Round Wall Clock",124.2
US-2016-150630,17-09-2016,East,Office Supplies,Poly String Tie Envelopes,3.264
US-2016-150630,17-09-2016,East,Office Supplies,"BOSTON Model 1800 Electric Pencil Sharpeners, Putty/Woodgrain",86.304
US-2016-150630,17-09-2016,East,Office Supplies,"Acco Pressboard Covers with Storage Hooks, 14 7/8"" x 11"", Executive Red",6.858
US-2016-150630,17-09-2016,East,Office Supplies,Lumber Crayons,15.76
CA-2018-107727,19-10-2018,Central,Office Supplies,Easy-staple paper,29.472
CA-2017-117590,08-12-2017,Central,Technology,GE 30524EE4,1097.544
CA-2017-117590,08-12-2017,Central,Furniture,"Electrix Architect's Clamp-On Swing Arm Lamp, Black",190.92
CA-2016-117415,27-12-2016,Central,Office Supplies,"#10-4 1/8"" x 9 1/2"" Premium Diagonal Seam Envelopes",113.328
CA-2016-117415,27-12-2016,Central,Furniture,"Atlantic Metals Mobile 3-Shelf Bookcases, Custom Colors",532.3992
CA-2016-117415,27-12-2016,Central,Furniture,"Global Fabric Manager's Chair, Dark Gray",212.058
CA-2016-117415,27-12-2016,Central,Technology,Plantronics HL10 Handset Lifter,371.168
CA-2018-120999,10-09-2018,Central,Technology,Panasonic Kx-TS550,147.168
CA-2017-101343,17-07-2017,West,Office Supplies,"Eldon Base for stackable storage shelf, platinum",77.88
CA-2018-139619,19-09-2018,South,Office Supplies,"Advantus 10-Drawer Portable Organizer, Chrome Metal Frame, Smoke Drawers",95.616
CA-2017-118255,11-03-2017,Central,Technology,"Verbatim 25 GB 6x Blu-ray Single Layer Recordable Disc, 25/Pack",45.98
CA-2017-118255,11-03-2017,Central,Office Supplies,Wilson Jones Leather-Like Binders with DublLock Round Rings,17.46
CA-2015-146703,20-10-2015,Central,Office Supplies,"Gould Plastics 9-Pocket Panel Bin, 18-3/8w x 5-1/4d x 20-1/2h, Black",211.96
CA-2017-169194,20-06-2017,East,Technology,Imation 8gb Micro Traveldrive Usb 2.0 Flash Drive,45
CA-2017-169194,20-06-2017,East,Technology,"LF Elite 3D Dazzle Designer Hard Case Cover, Lf Stylus Pen and Wiper For Apple Iphone 5c Mini Lite",21.8
CA-2016-115742,18-04-2016,Central,Office Supplies,"C-Line Peel & Stick Add-On Filing Pockets, 8-3/4 x 5-1/8, 10/Pack",38.22
CA-2016-115742,18-04-2016,Central,Office Supplies,Avery 485,75.18
CA-2016-115742,18-04-2016,Central,Furniture,Longer-Life Soft White Bulbs,6.16
CA-2016-115742,18-04-2016,Central,Furniture,"Global Leather Task Chair, Black",89.99
CA-2017-105816,11-12-2017,East,Office Supplies,Advantus Push Pins,15.26
CA-2017-105816,11-12-2017,East,Technology,AT&T CL83451 4-Handset Telephone,1029.95
CA-2017-111682,17-06-2017,East,Office Supplies,Home/Office Personal File Carts,208.56
CA-2017-111682,17-06-2017,East,Office Supplies,Xerox 232,32.4
CA-2017-111682,17-06-2017,East,Furniture,Novimex Turbo Task Chair,319.41
CA-2017-111682,17-06-2017,East,Office Supplies,"Array Parchment Paper, Assorted Colors",14.56
CA-2017-111682,17-06-2017,East,Technology,Imation 8gb Micro Traveldrive Usb 2.0 Flash Drive,30
CA-2017-111682,17-06-2017,East,Office Supplies,Plastic Binding Combs,48.48
CA-2017-111682,17-06-2017,East,Office Supplies,Prang Dustless Chalk Sticks,1.68
CA-2016-135545,24-11-2016,West,Technology,"Verbatim 25 GB 6x Blu-ray Single Layer Recordable Disc, 3/Pack",13.98
CA-2016-135545,24-11-2016,West,Office Supplies,"Acco PRESSTEX Data Binder with Storage Hooks, Dark Blue, 14 7/8"" X 11""",25.824
CA-2016-135545,24-11-2016,West,Office Supplies,Xerox 1943,146.73
CA-2016-135545,24-11-2016,West,Furniture,Luxo Economy Swing Arm Lamp,79.76
US-2016-164175,30-04-2016,Central,Furniture,"Global Value Mid-Back Manager's Chair, Gray",213.115
CA-2015-106376,05-12-2015,West,Office Supplies,"Hunt BOSTON Model 1606 High-Volume Electric Pencil Sharpener, Beige",1113.024
CA-2015-106376,05-12-2015,West,Technology,netTALK DUO VoIP Telephone Service,167.968
CA-2017-119823,04-06-2017,South,Office Supplies,"Snap-A-Way Black Print Carbonless Ruled Speed Letter, Triplicate",75.88
CA-2017-106075,18-09-2017,East,Office Supplies,Avery Binding System Hidden Tab Executive Style Index Sets,4.616
CA-2018-114440,14-09-2018,Central,Office Supplies,"Telephone Message Books with Fax/Mobile Section, 5 1/2"" x 3 3/16""",19.05
US-2016-134026,26-04-2016,South,Furniture,High-Back Leather Manager's Chair,831.936
US-2016-134026,26-04-2016,South,Furniture,"Tenex Traditional Chairmats for Medium Pile Carpet, Standard Lip, 36"" x 48""",97.04
US-2016-134026,26-04-2016,South,Office Supplies,Safco Industrial Wire Shelving System,72.784
US-2018-118038,09-12-2018,Central,Office Supplies,Economy Binders,1.248
US-2018-118038,09-12-2018,Central,Furniture,"6"" Cubicle Wall Clock, Black",9.708
US-2018-118038,09-12-2018,Central,Office Supplies,"SimpliFile Personal File, Black Granite, 15w x 6-15/16d x 11-1/4h",27.24
US-2015-147606,26-11-2015,Central,Furniture,"Eldon Expressions Desk Accessory, Wood Pencil Holder, Oak",19.3
CA-2017-127208,12-06-2017,South,Office Supplies,"1.7 Cubic Foot Compact ""Cube"" Office Refrigerators",208.16
CA-2017-127208,12-06-2017,South,Office Supplies,Avery Heavy-Duty EZD  Binder With Locking Rings,16.74
CA-2015-139451,12-10-2015,West,Office Supplies,"Premium Writing Pencils, Soft, #2 by Central Association for the Blind",14.9
CA-2015-139451,12-10-2015,West,Office Supplies,"Sortfiler Multipurpose Personal File Organizer, Black",21.39
CA-2016-149734,03-09-2016,South,Office Supplies,Jet-Pak Recycled Peel 'N' Seal Padded Mailers,200.984
US-2018-119662,13-11-2018,Central,Office Supplies,Safco Industrial Wire Shelving,230.376
CA-2018-140088,28-05-2018,South,Furniture,Novimex Swivel Fabric Task Chair,301.96
CA-2018-155558,26-10-2018,Central,Technology,Logitech LS21 Speaker System - PC Multimedia - 2.1-CH - Wired,19.99
CA-2018-155558,26-10-2018,Central,Office Supplies,Avery 511,6.16
CA-2017-159695,05-04-2017,Central,Office Supplies,Eldon Portable Mobile Manager,158.368
CA-2017-109806,17-09-2017,West,Office Supplies,Turquoise Lead Holder with Pocket Clip,20.1
CA-2017-109806,17-09-2017,West,Technology,Panasonic Kx-TS550,73.584
CA-2017-109806,17-09-2017,West,Office Supplies,Xerox 1995,6.48
CA-2016-149587,31-01-2016,Central,Office Supplies,Xerox 1999,12.96
CA-2016-149587,31-01-2016,Central,Furniture,"Seth Thomas 13 1/2"" Wall Clock",53.34
CA-2016-149587,31-01-2016,Central,Office Supplies,Ibico Standard Transparent Covers,32.96
US-2018-109484,06-11-2018,West,Office Supplies,Flexible Leather- Look Classic Collection Ring Binder,5.682
CA-2018-161018,09-11-2018,East,Furniture,9-3/4 Diameter Round Wall Clock,96.53
CA-2018-157833,17-06-2018,West,Office Supplies,Trimflex Flexible Post Binders,51.312
CA-2017-149223,06-09-2017,Central,Office Supplies,Fellowes Basic Home/Office Series Surge Protectors,77.88
CA-2017-158568,29-08-2017,Central,Office Supplies,Avery Personal Creations Heavyweight Cards,64.624
CA-2017-158568,29-08-2017,Central,Technology,SanDisk Ultra 64 GB MicroSDHC Class 10 Memory Card,95.976
CA-2017-158568,29-08-2017,Central,Office Supplies,Avery Hidden Tab Dividers for Binding Systems,1.788
CA-2017-129903,01-12-2017,Central,Office Supplies,Universal Premium White Copier/Laser Paper (20Lb. and 87 Bright),23.92
US-2016-156867,13-11-2016,West,Technology,Logitech K350 2.4Ghz Wireless Keyboard,238.896
US-2016-156867,13-11-2016,West,Furniture,"Deflect-o DuraMat Lighweight, Studded, Beveled Mat for Low Pile Carpeting",102.36
US-2016-156867,13-11-2016,West,Office Supplies,"Avery Trapezoid Ring Binder, 3"" Capacity, Black, 1040 sheets",36.882
CA-2018-119004,23-11-2018,South,Technology,Memorex Mini Travel Drive 8 GB USB 2.0 Flash Drive,74.112
CA-2018-119004,23-11-2018,South,Technology,Speck Products Candyshell Flip Case,27.992
CA-2018-119004,23-11-2018,South,Office Supplies,Newell Chalk Holder,3.304
CA-2016-129476,15-10-2016,Central,Technology,Logitech Gaming G510s - Keyboard,339.96
CA-2018-146780,25-12-2018,East,Furniture,Magnifier Swing Arm Lamp,41.96
CA-2017-128867,03-11-2017,Central,Office Supplies,"Hunt PowerHouse Electric Pencil Sharpener, Blue",75.96
CA-2017-128867,03-11-2017,Central,Office Supplies,"Avery Durable Plastic 1"" Binders",27.24
CA-2015-115259,25-08-2015,East,Office Supplies,"OIC Colored Binder Clips, Assorted Sizes",40.096
CA-2015-115259,25-08-2015,East,Office Supplies,"Redi-Strip #10 Envelopes, 4 1/8 x 9 1/2",4.72
CA-2015-115259,25-08-2015,East,Office Supplies,Xerox 1921,23.976
CA-2015-115259,25-08-2015,East,Office Supplies,"Tyvek  Top-Opening Peel & Seel Envelopes, Plain White",130.464
CA-2016-110457,02-03-2016,West,Furniture,Hon Racetrack Conference Tables,787.53
US-2016-136476,05-04-2016,South,Office Supplies,GBC DocuBind 300 Electric Binding Machine,157.794
CA-2017-103730,12-06-2017,East,Furniture,Artistic Insta-Plaque,47.04
CA-2017-103730,12-06-2017,East,Office Supplies,DXL Angle-View Binders with Locking Rings by Samsill,30.84
CA-2017-103730,12-06-2017,East,Office Supplies,"Companion Letter/Legal File, Black",226.56
CA-2017-103730,12-06-2017,East,Office Supplies,Globe Weis Peel & Seel First Class Envelopes,115.02
CA-2017-103730,12-06-2017,East,Technology,KLD Oscar II Style Snap-on Ultra Thin Side Flip Synthetic Leather Cover Case for HTC One HTC M7,68.04
US-2015-152030,26-12-2015,Central,Furniture,Global Deluxe High-Back Manager's Chair,600.558
US-2015-134614,20-09-2015,Central,Furniture,Bevis 44 x 96 Conference Tables,617.7
US-2018-107272,05-11-2018,West,Office Supplies,"Avery Durable Slant Ring Binders, No Labels",2.388
US-2018-107272,05-11-2018,West,Office Supplies,"Trav-L-File Heavy-Duty Shuttle II, Black",243.992
US-2017-125969,06-11-2017,West,Furniture,"Global Task Chair, Black",81.424
US-2017-125969,06-11-2017,West,Furniture,Eldon Cleatmat Plus Chair Mats for High Pile Carpets,238.56
US-2018-164147,02-02-2018,East,Technology,Anker 36W 4-Port USB Wall Charger Travel Power Adapter for iPhone 5s 5c 5,59.97
US-2018-164147,02-02-2018,East,Office Supplies,Xerox 1916,78.304
US-2018-164147,02-02-2018,East,Office Supplies,Staples,21.456
CA-2017-145583,13-10-2017,West,Office Supplies,Xerox 195,20.04
CA-2017-145583,13-10-2017,West,Office Supplies,Xerox 1880,35.44
CA-2017-145583,13-10-2017,West,Office Supplies,"Sanford Colorific Colored Pencils, 12/Box",11.52
CA-2017-145583,13-10-2017,West,Office Supplies,Ideal Clamps,4.02
CA-2017-145583,13-10-2017,West,Office Supplies,GBC Wire Binding Strips,76.176
CA-2017-145583,13-10-2017,West,Office Supplies,Fiskars Softgrip Scissors,65.88
CA-2017-145583,13-10-2017,West,Furniture,Longer-Life Soft White Bulbs,43.12
CA-2017-110366,05-09-2017,East,Furniture,"Howard Miller 13-3/4"" Diameter Brushed Chrome Round Wall Clock",82.8
CA-2018-106180,18-09-2018,West,Office Supplies,Newell 343,8.82
CA-2018-106180,18-09-2018,West,Office Supplies,Convenience Packs of Business Envelopes,10.86
CA-2018-106180,18-09-2018,West,Office Supplies,Xerox 1911,143.7
CA-2018-155376,22-12-2018,Central,Office Supplies,Sanyo 2.5 Cubic Foot Mid-Size Office Refrigerators,839.43
CA-2016-110744,07-09-2016,West,Office Supplies,Safco Industrial Wire Shelving,671.93
CA-2015-110072,22-10-2015,East,Furniture,"Seth Thomas 14"" Putty-Colored Wall Clock",93.888
CA-2017-114489,05-12-2017,Central,Technology,Plantronics Cordless Phone Headset with In-line Volume - M214C,384.45
CA-2017-114489,05-12-2017,Central,Technology,Anker Astro 15000mAh USB Portable Charger,149.97
CA-2017-114489,05-12-2017,Central,Furniture,"Hon Deluxe Fabric Upholstered Stacking Chairs, Rounded Back",1951.84
CA-2017-114489,05-12-2017,Central,Office Supplies,GBC Prestige Therm-A-Bind Covers,171.55
CA-2017-158834,13-03-2017,West,Office Supplies,Belkin 7 Outlet SurgeMaster Surge Protector with Phone Protection,157.92
CA-2017-158834,13-03-2017,West,Technology,Jabra BIZ 2300 Duo QD Duo Corded Headset,203.184
CA-2016-124919,31-05-2016,West,Office Supplies,Southworth 25% Cotton Antique Laid Paper & Envelopes,58.38
CA-2016-124919,31-05-2016,West,Office Supplies,Xerox 1883,105.52
CA-2016-124919,31-05-2016,West,Office Supplies,"Tenex Personal Project File with Scoop Front Design, Black",80.88
CA-2016-118948,28-05-2016,West,Office Supplies,Newell 311,6.63
CA-2015-104269,01-03-2015,West,Furniture,Global Deluxe High-Back Manager's Chair,457.568
CA-2017-114104,20-11-2017,Central,Office Supplies,Avery 519,14.62
CA-2017-114104,20-11-2017,Central,Technology,Avaya 5420 Digital phone,944.93
CA-2017-162733,11-05-2017,West,Office Supplies,Xerox 1920,5.98
CA-2016-119697,28-12-2016,East,Technology,Lenovo 17-Key USB Numeric Keypad,54.384
CA-2017-154508,16-11-2017,West,Office Supplies,Staple envelope,28.4
CA-2017-113817,07-11-2017,West,Office Supplies,Wilson Jones International Size A4 Ring Binders,27.68
CA-2015-139892,08-09-2015,Central,Office Supplies,BIC Brite Liner Highlighters,9.936
CA-2015-139892,08-09-2015,Central,Technology,Lexmark MX611dhe Monochrome Laser Printer,8159.952
CA-2015-139892,08-09-2015,Central,Office Supplies,Space Solutions HD Industrial Steel Shelving.,275.928
CA-2015-139892,08-09-2015,Central,Furniture,SAFCO Arco Folding Chair,1740.06
CA-2015-139892,08-09-2015,Central,Office Supplies,Sanford Liquid Accent Highlighters,32.064
CA-2015-139892,08-09-2015,Central,Office Supplies,Kensington 7 Outlet MasterPiece Power Center,177.98
CA-2015-139892,08-09-2015,Central,Technology,JBL Micro Wireless Portable Bluetooth Speaker,143.976
CA-2015-118962,05-08-2015,West,Office Supplies,"Adams Phone Message Book, Professional, 400 Message Capacity, 5 3/6” x 11”",20.94
CA-2015-118962,05-08-2015,West,Office Supplies,Xerox 1913,110.96
CA-2015-118962,05-08-2015,West,Furniture,"Global Value Steno Chair, Gray",340.144
US-2015-100853,14-09-2015,Central,Office Supplies,Kensington 7 Outlet MasterPiece HOMEOFFICE Power Control Center,52.448
US-2015-100853,14-09-2015,Central,Office Supplies,Avery 51,20.16
US-2018-152366,21-04-2018,Central,Office Supplies,"Acco 7-Outlet Masterpiece Power Center, Wihtout Fax/Phone Line Protection",97.264
US-2016-101511,21-11-2016,East,Furniture,"Padded Folding Chairs, Black, 4/Carton",396.802
US-2016-101511,21-11-2016,East,Office Supplies,Acme Rosewood Handle Letter Opener,15.88
CA-2016-137225,15-12-2016,East,Office Supplies,"Sanford Colorific Eraseable Coloring Pencils, 12 Count",3.28
CA-2015-166191,05-12-2015,Central,Office Supplies,"Tenex File Box, Personal Filing Tote with Lid, Black",24.816
CA-2015-166191,05-12-2015,Central,Technology,Imation Secure+ Hardware Encrypted USB 2.0 Flash Drive; 16GB,408.744
CA-2015-158274,19-11-2015,South,Technology,AT&T TR1909W,503.96
CA-2015-158274,19-11-2015,South,Technology,Nokia Lumia 521 (T-Mobile),149.95
CA-2015-158274,19-11-2015,South,Technology,HP Standard 104 key PS/2 Keyboard,29
CA-2017-105018,28-11-2017,East,Office Supplies,Avery Poly Binder Pockets,7.16
CA-2015-123260,26-08-2015,West,Technology,SanDisk Ultra 32 GB MicroSDHC Class 10 Memory Card,176.8
CA-2017-157000,16-07-2017,Central,Office Supplies,"Personal Filing Tote with Lid, Black/Gray",37.224
CA-2017-157000,16-07-2017,Central,Office Supplies,Southworth 25% Cotton Antique Laid Paper & Envelopes,20.016
CA-2016-102281,12-10-2016,East,Furniture,"Atlantic Metals Mobile 4-Shelf Bookcases, Custom Colors",899.136
CA-2016-102281,12-10-2016,East,Technology,I Need's 3d Hello Kitty Hybrid Silicone Case Cover for HTC One X 4g with 3d Hello Kitty Stylus Pen Green/pink,71.76
CA-2016-102281,12-10-2016,East,Office Supplies,Xerox 205,51.84
CA-2016-102281,12-10-2016,East,Furniture,"Atlantic Metals Mobile 3-Shelf Bookcases, Custom Colors",626.352
CA-2016-102281,12-10-2016,East,Office Supplies,4009 Highlighters by Sanford,19.9
CA-2016-131457,31-10-2016,West,Office Supplies,Poly String Tie Envelopes,14.28
CA-2015-140004,21-03-2015,East,Office Supplies,"Binney & Smith Crayola Metallic Colored Pencils, 8-Color Set",7.408
CA-2015-140004,21-03-2015,East,Office Supplies,"Binney & Smith inkTank Erasable Desk Highlighter, Chisel Tip, Yellow, 12/Box",6.048
CA-2018-107720,06-11-2018,East,Office Supplies,Decoflex Hanging Personal Folder File,46.26
US-2018-124303,06-07-2018,East,Office Supplies,"Pressboard Covers with Storage Hooks, 9 1/2"" x 11"", Light Blue",2.946
US-2018-124303,06-07-2018,East,Office Supplies,"Wirebound Message Books, 5-1/2 x 4 Forms, 2 or 4 Forms per Page",16.056
CA-2018-105074,24-06-2018,East,Office Supplies,Southworth 25% Cotton Linen-Finish Paper & Envelopes,21.744
CA-2015-133690,03-08-2015,West,Furniture,BoxOffice By Design Rectangular and Half-Moon Meeting Room Tables,218.75
CA-2015-133690,03-08-2015,West,Office Supplies,"Bravo II Megaboss 12-Amp Hard Body Upright, Replacement Belts, 2 Belts per Pack",2.6
US-2018-116701,17-12-2018,Central,Office Supplies,Eureka Sanitaire  Commercial Upright,66.284
CA-2018-126382,03-06-2018,South,Furniture,"Eldon 200 Class Desk Accessories, Burgundy",35.168
CA-2018-108329,09-12-2018,West,Technology,Nortel Business Series Terminal T7208 Digital phone,444.768
CA-2018-135860,01-12-2018,Central,Office Supplies,"Tennsco Lockers, Gray",83.92
CA-2018-135860,01-12-2018,Central,Technology,Panasonic KX-TG6844B Expandable Digital Cordless Telephone,131.98
CA-2018-135860,01-12-2018,Central,Office Supplies,"Avery Durable Slant Ring Binders, No Labels",15.92
CA-2018-135860,01-12-2018,Central,Office Supplies,"Advantus Push Pins, Aluminum Head",52.29
CA-2018-135860,01-12-2018,Central,Office Supplies,"Gould Plastics 18-Pocket Panel Bin, 34w x 5-1/4d x 20-1/2h",91.99
CA-2016-101007,09-02-2016,Central,Technology,Memorex Micro Travel Drive 8 GB,20.8
CA-2016-146262,02-01-2016,East,Office Supplies,Avery 505,23.68
CA-2016-146262,02-01-2016,East,Furniture,O'Sullivan 2-Door Barrister Bookcase in Odessa Pine,452.45
CA-2016-146262,02-01-2016,East,Technology,Speck Products Candyshell Flip Case,62.982
CA-2016-146262,02-01-2016,East,Technology,Cisco 9971 IP Video Phone Charcoal,1188
CA-2016-146262,02-01-2016,East,Technology,Sony Micro Vault Click 16 GB USB 2.0 Flash Drive,89.584
CA-2017-130162,28-10-2017,West,Office Supplies,"Personal Filing Tote with Lid, Black/Gray",93.06
CA-2017-130162,28-10-2017,West,Technology,Adtran 1202752G1,302.376
CA-2016-169397,24-12-2016,East,Office Supplies,OIC Bulk Pack Metal Binder Clips,5.584
CA-2016-169397,24-12-2016,East,Office Supplies,"While You Were Out Pads, 50 per Pad, 4 x 5 1/4, Green Cycle",22.704
CA-2016-169397,24-12-2016,East,Office Supplies,Ibico Standard Transparent Covers,19.776
CA-2016-169397,24-12-2016,East,Furniture,"Executive Impressions 14"" Two-Color Numerals Wall Clock",72.704
CA-2016-169397,24-12-2016,East,Technology,Swingline SM12-08 MicroCut Jam Free Shredder,479.988
CA-2016-169397,24-12-2016,East,Office Supplies,Stanley Bostitch Contemporary Electric Pencil Sharpeners,27.168
CA-2016-163055,09-08-2016,Central,Office Supplies,"Sanford Uni-Blazer View Highlighters, Chisel Tip, Yellow",2.2
CA-2016-163055,09-08-2016,Central,Furniture,Bevis 36 x 72 Conference Tables,622.45
CA-2016-163055,09-08-2016,Central,Office Supplies,Rogers Deluxe File Chest,21.98
US-2016-145436,28-02-2016,South,Furniture,Global Low Back Tilter Chair,161.568
US-2016-145436,28-02-2016,South,Furniture,"Global Push Button Manager's Chair, Indigo",389.696
US-2015-156216,13-09-2015,South,Office Supplies,GBC Instant Index System for Binding Systems,18.648
US-2018-100930,07-04-2018,South,Furniture,Bush Advantage Collection Round Conference Table,233.86
US-2018-100930,07-04-2018,South,Furniture,Bretford Rectangular Conference Table Tops,620.6145
US-2018-100930,07-04-2018,South,Office Supplies,GBC Instant Index System for Binding Systems,5.328
US-2018-100930,07-04-2018,South,Furniture,"Tenex Contemporary Contur Chairmats for Low and Medium Pile Carpet, Computer, 39"" x 49""",258.072
US-2018-100930,07-04-2018,South,Technology,Logitech P710e Mobile Speakerphone,617.976
CA-2018-160514,12-11-2018,West,Office Supplies,Xerox 4200 Series MultiUse Premium Copy Paper (20Lb. and 84 Bright),10.56
CA-2017-157749,04-06-2017,Central,Office Supplies,Xerox 1957,25.92
CA-2017-157749,04-06-2017,Central,Furniture,Luxo Professional Fluorescent Magnifier Lamp with Clamp-Mount Base,419.68
CA-2017-157749,04-06-2017,Central,Furniture,Staple-based wall hangings,11.688
CA-2017-157749,04-06-2017,Central,Technology,PureGear Roll-On Screen Protector,31.984
CA-2017-157749,04-06-2017,Central,Furniture,KI Conference Tables,177.225
CA-2017-157749,04-06-2017,Central,Furniture,Eldon 100 Class Desk Accessories,4.044
CA-2017-157749,04-06-2017,Central,Office Supplies,"Binney & Smith Crayola Metallic Colored Pencils, 8-Color Set",7.408
CA-2015-131926,01-06-2015,Central,Furniture,Global Deluxe High-Back Manager's Chair,2001.86
CA-2015-131926,01-06-2015,Central,Office Supplies,Safco Steel Mobile File Cart,166.72
CA-2015-131926,01-06-2015,Central,Office Supplies,"Adams Telephone Message Book w/Frequently-Called Numbers Space, 400 Messages per Book",47.88
CA-2015-131926,01-06-2015,Central,Office Supplies,Honeywell Enviracaire Portable HEPA Air Cleaner for 17' x 22' Room,1503.25
CA-2015-131926,01-06-2015,Central,Office Supplies,Xerox 205,25.92
CA-2017-154739,10-12-2017,West,Furniture,"Global Leather Highback Executive Chair with Pneumatic Height Adjustment, Black",321.568
CA-2017-145625,11-09-2017,West,Office Supplies,"Wirebound Message Books, Two 4 1/4"" x 5"" Forms per Page",7.61
CA-2017-145625,11-09-2017,West,Technology,Logitech P710e Mobile Speakerphone,3347.37
CA-2017-146941,10-12-2017,East,Office Supplies,"Fellowes Personal Hanging Folder Files, Navy",80.58
CA-2017-146941,10-12-2017,East,Office Supplies,Tyvek Side-Opening Peel & Seel Expanding Envelopes,361.92
US-2016-159982,28-11-2016,Central,Furniture,Eldon 100 Class Desk Accessories,12.132
US-2016-159982,28-11-2016,Central,Office Supplies,"Belkin 19"" Vented Equipment Shelf, Black",82.368
US-2016-159982,28-11-2016,Central,Office Supplies,"Tenex Personal Project File with Scoop Front Design, Black",53.92
US-2016-159982,28-11-2016,Central,Technology,Logitech Mobile Speakerphone P710e - speaker phone,647.904
CA-2018-163139,01-12-2018,East,Technology,Sabrent 4-Port USB 2.0 Hub,20.37
CA-2018-163139,01-12-2018,East,Office Supplies,Safco Industrial Shelving,221.55
CA-2018-163139,01-12-2018,East,Office Supplies,Acco 3-Hole Punch,17.52
US-2018-155299,08-06-2018,Central,Office Supplies,Eureka Disposable Bags for Sanitaire Vibra Groomer I Upright Vac,1.624
US-2015-106992,19-09-2015,Central,Technology,Lexmark MX611dhe Monochrome Laser Printer,3059.982
US-2015-106992,19-09-2015,Central,Technology,Xerox WorkCentre 6505DN Laser Multifunction Printer,2519.958
CA-2017-125318,06-06-2017,Central,Technology,Cisco Small Business SPA 502G VoIP phone,328.224
CA-2016-155040,10-11-2016,West,Technology,Microsoft Sculpt Comfort Mouse,79.9
CA-2018-136826,16-06-2018,South,Office Supplies,"Quartet Omega Colored Chalk, 12/Pack",14.016
CA-2017-111010,22-01-2017,East,Office Supplies,Bagged Rubber Bands,7.56
US-2018-145366,09-12-2018,East,Office Supplies,Safco Commercial Shelving,37.208
US-2018-145366,09-12-2018,East,Office Supplies,"Recycled Interoffice Envelopes with String and Button Closure, 10 x 13",57.576
CA-2018-163979,28-12-2018,West,Office Supplies,Adjustable Depth Letter/Legal Cart,725.84
CA-2016-155334,30-07-2016,West,Technology,Logitech 910-002974 M325 Wireless Mouse for Web Scrolling,209.93
CA-2016-155334,30-07-2016,West,Furniture,Regeneration Desk Collection,5.28
CA-2016-155334,30-07-2016,West,Office Supplies,Presstex Flexible Ring Binders,10.92
CA-2018-118136,16-09-2018,West,Office Supplies,"Ampad Gold Fibre Wirebound Steno Books, 6"" x 9"", Gregg Ruled",8.82
CA-2018-118136,16-09-2018,West,Office Supplies,Newell 330,5.98
CA-2018-132976,13-10-2018,East,Office Supplies,"Post-it “Important Message” Note Pad, Neon Colors, 50 Sheets/Pad",11.648
CA-2018-132976,13-10-2018,East,Office Supplies,"Adams Write n' Stick Phone Message Book, 11"" X 5 1/4"", 200 Messages",18.176
CA-2018-132976,13-10-2018,East,Office Supplies,Eldon Simplefile Box Office,59.712
CA-2018-132976,13-10-2018,East,Office Supplies,Avery 489,24.84
US-2016-161991,26-09-2016,Central,Office Supplies,Round Ring Binders,2.08
US-2016-161991,26-09-2016,Central,Technology,Bose SoundLink Bluetooth Speaker,1114.4
CA-2016-130890,02-11-2016,West,Furniture,"Bevis Round Bullnose 29"" High Table Top",1038.84
CA-2016-130883,26-09-2016,West,Office Supplies,Easy-staple paper,141.76
CA-2016-130883,26-09-2016,West,Technology,Microsoft Arc Touch Mouse,239.8
CA-2016-130883,26-09-2016,West,Office Supplies,Xerox 216,31.104
CA-2017-112697,18-12-2017,South,Office Supplies,GBC VeloBinder Electric Binding Machine,254.058
CA-2017-112697,18-12-2017,South,Office Supplies,"Acco 7-Outlet Masterpiece Power Center, Wihtout Fax/Phone Line Protection",194.528
CA-2017-112697,18-12-2017,South,Office Supplies,Premier Automatic Letter Opener,961.48
CA-2017-110772,20-11-2017,East,Office Supplies,Advantus SlideClip Paper Clips,19.096
CA-2017-110772,20-11-2017,East,Office Supplies,Avery 512,18.496
CA-2017-110772,20-11-2017,East,Technology,Logitech Wireless Gaming Headset G930,255.984
CA-2017-110772,20-11-2017,East,Furniture,"Bush Westfield Collection Bookcases, Medium Cherry Finish",86.97
CA-2015-111451,26-12-2015,West,Furniture,"Howard Miller 13"" Diameter Goldtone Round Wall Clock",300.416
CA-2015-111451,26-12-2015,West,Furniture,Global Deluxe Office Fabric Chairs,230.352
CA-2015-111451,26-12-2015,West,Furniture,Eldon ClusterMat Chair Mat with Cordless Antistatic Protection,218.352
CA-2015-111451,26-12-2015,West,Office Supplies,Ibico Laser Imprintable Binding System Covers,78.6
CA-2015-111451,26-12-2015,West,Office Supplies,"Vinyl Coated Wire Paper Clips in Organizer Box, 800/Box",27.552
CA-2017-142545,28-10-2017,East,Office Supplies,Xerox 223,32.4
CA-2017-142545,28-10-2017,East,Office Supplies,"Tennsco Stur-D-Stor Boltless Shelving, 5 Shelves, 24"" Deep, Sand",1082.48
CA-2017-142545,28-10-2017,East,Office Supplies,Xerox 1939,56.91
CA-2017-142545,28-10-2017,East,Furniture,"Floodlight Indoor Halogen Bulbs, 1 Bulb per Pack, 60 Watts",77.6
CA-2017-142545,28-10-2017,East,Office Supplies,Avery Premier Heavy-Duty Binder with Round Locking Rings,14.28
US-2018-152380,19-11-2018,Central,Furniture,BPI Conference Tables,219.075
CA-2016-144253,04-05-2016,East,Furniture,Electrix 20W Halogen Replacement Bulb for Zoom-In Desk Lamp,26.8
CA-2015-130960,30-12-2015,Central,Office Supplies,Newell 350,9.84
CA-2015-111003,01-06-2015,East,Office Supplies,"GBC Clear Cover, 8-1/2 x 11, unpunched, 25 covers per pack",45.48
CA-2015-111003,01-06-2015,East,Office Supplies,Boston Heavy-Duty Trimline Electric Pencil Sharpeners,289.2
CA-2018-126774,15-04-2018,South,Office Supplies,Faber Castell Col-Erase Pencils,4.89
CA-2017-142902,12-09-2017,West,Furniture,C-Line Cubicle Keepers Polyproplyene Holder With Velcro Backings,15.136
CA-2017-142902,12-09-2017,West,Furniture,Hon 4070 Series Pagoda Armless Upholstered Stacking Chairs,466.768
CA-2017-142902,12-09-2017,West,Furniture,"Eldon Expressions Desk Accessory, Wood Photo Frame, Mahogany",15.232
CA-2017-142902,12-09-2017,West,Office Supplies,Avery 509,6.264
CA-2015-120887,27-09-2015,East,Furniture,"Deflect-o SuperTray Unbreakable Stackable Tray, Letter, Black",87.54
CA-2015-167850,09-08-2015,South,Technology,AT&T 1070 Corded Phone,178.384
CA-2015-167850,09-08-2015,South,Office Supplies,Xerox 21,15.552
CA-2015-164259,28-12-2015,East,Office Supplies,"Boston School Pro Electric Pencil Sharpener, 1670",99.136
CA-2015-164973,04-11-2015,East,Furniture,DMI Arturo Collection Mission-style Design Wood Chair,135.882
CA-2015-164973,04-11-2015,East,Technology,Canon imageCLASS MF7460 Monochrome Digital Laser Multifunction Copier,3991.98
CA-2015-164973,04-11-2015,East,Technology,Panasonic Kx-TS550,275.94
CA-2015-164973,04-11-2015,East,Technology,NETGEAR N750 Dual Band Wi-Fi Gigabit Router,360
CA-2015-164973,04-11-2015,East,Office Supplies,"Trav-L-File Heavy-Duty Shuttle II, Black",43.57
CA-2015-156601,19-09-2015,West,Office Supplies,OIC Binder Clips,7.16
CA-2017-162138,23-04-2017,West,Office Supplies,Ibico Laser Imprintable Binding System Covers,251.52
CA-2017-162138,23-04-2017,West,Technology,Logitech Wireless Headset h800,99.99
CA-2018-153339,03-11-2018,South,Furniture,Telescoping Adjustable Floor Lamp,15.992
US-2017-141544,30-08-2017,East,Technology,Aastra 57i VoIP phone,290.898
US-2017-141544,30-08-2017,East,Office Supplies,"File Shuttle II and Handi-File, Black",54.224
US-2017-141544,30-08-2017,East,Furniture,Hon 2090 “Pillow Soft” Series Mid Back Swivel/Tilt Chairs,786.744
US-2017-141544,30-08-2017,East,Office Supplies,Round Specialty Laser Printer Labels,100.24
US-2017-141544,30-08-2017,East,Office Supplies,GBC Premium Transparent Covers with Diagonal Lined Pattern,37.764
US-2017-150147,25-04-2017,East,Technology,AT&T 841000 Phone,82.8
US-2017-150147,25-04-2017,East,Office Supplies,Ibico Recycled Grain-Textured Covers,20.724
US-2017-150147,25-04-2017,East,Office Supplies,Wilson Jones Custom Binder Spines & Labels,4.896
CA-2016-137946,01-09-2016,West,Office Supplies,Storex Dura Pro Binders,4.752
CA-2016-137946,01-09-2016,West,Technology,Hewlett Packard LaserJet 3310 Copier,959.984
CA-2016-137946,01-09-2016,West,Office Supplies,Avery Non-Stick Binders,14.368
CA-2015-129924,12-07-2015,West,Office Supplies,Tuff Stuff Recycled Round Ring Binders,7.712
CA-2015-129924,12-07-2015,West,Furniture,Hon 5100 Series Wood Tables,698.352
CA-2016-128167,22-06-2016,West,Office Supplies,"OIC Binder Clips, Mini, 1/4"" Capacity, Black",4.96
CA-2015-122336,13-04-2015,East,Office Supplies,Newell 314,17.856
CA-2015-122336,13-04-2015,East,Office Supplies,Fellowes PB200 Plastic Comb Binding Machine,509.97
CA-2015-122336,13-04-2015,East,Office Supplies,Staples,30.992
CA-2015-122336,13-04-2015,East,Technology,"Square Credit Card Reader, 4 1/2"" x 4 1/2"" x 1"", White",71.928
US-2016-120712,20-12-2016,Central,Office Supplies,Fellowes Super Stor/Drawer,88.8
CA-2018-169901,15-06-2018,West,Technology,Anker 36W 4-Port USB Wall Charger Travel Power Adapter for iPhone 5s 5c 5,47.976
CA-2018-134306,08-07-2018,East,Office Supplies,"Binney & Smith inkTank Erasable Desk Highlighter, Chisel Tip, Yellow, 12/Box",7.56
CA-2018-134306,08-07-2018,East,Office Supplies,Easy-staple paper,24.56
CA-2018-134306,08-07-2018,East,Office Supplies,"BIC Brite Liner Highlighters, Chisel Tip",12.96
CA-2017-129714,01-09-2017,East,Technology,Sabrent 4-Port USB 2.0 Hub,6.79
CA-2017-129714,01-09-2017,East,Office Supplies,Xerox 1881,24.56
CA-2017-129714,01-09-2017,East,Office Supplies,Acco Hanging Data Binders,3.048
CA-2017-129714,01-09-2017,East,Office Supplies,Xerox 1881,49.12
CA-2017-129714,01-09-2017,East,Office Supplies,GBC DocuBind P400 Electric Binding System,4355.168
CA-2017-138520,08-04-2017,East,Furniture,Sauder Barrister Bookcases,388.704
CA-2017-138520,08-04-2017,East,Office Supplies,"#10 Gummed Flap White Envelopes, 100/Box",8.26
CA-2017-138520,08-04-2017,East,Office Supplies,"Dixon Prang Watercolor Pencils, 10-Color Set with Brush",17.04
CA-2017-138520,08-04-2017,East,Office Supplies,"Adams Phone Message Book, 200 Message Capacity, 8 1/16” x 11”",34.4
CA-2017-130001,23-04-2017,South,Office Supplies,Southworth 25% Cotton Linen-Finish Paper & Envelopes,36.24
CA-2018-155698,08-03-2018,South,Office Supplies,Belkin 8 Outlet SurgeMaster II Gold Surge Protector with Phone Protection,647.84
CA-2018-155698,08-03-2018,South,Office Supplies,"Avery Address/Shipping Labels for Typewriters, 4"" x 2""",20.7
CA-2018-144904,25-09-2018,East,Office Supplies,"Avery Address/Shipping Labels for Typewriters, 4"" x 2""",20.7
CA-2018-144904,25-09-2018,East,Furniture,Global Ergonomic Managers Chair,488.646
CA-2018-144904,25-09-2018,East,Office Supplies,Newell 333,5.56
CA-2018-144904,25-09-2018,East,Furniture,Eldon Wave Desk Accessories,47.12
CA-2015-123344,24-09-2015,West,Office Supplies,"Gould Plastics 9-Pocket Panel Bin, 18-3/8w x 5-1/4d x 20-1/2h, Black",211.96
CA-2017-155516,21-10-2017,East,Office Supplies,Wilson Jones “Snap” Scratch Pad Binder Tool for Ring Binders,23.2
CA-2017-155516,21-10-2017,East,Office Supplies,Staple remover,7.36
CA-2017-155516,21-10-2017,East,Office Supplies,Pizazz Global Quick File,104.79
CA-2017-155516,21-10-2017,East,Furniture,"Atlantic Metals Mobile 3-Shelf Bookcases, Custom Colors",1043.92
CA-2018-104745,29-05-2018,Central,Office Supplies,Xerox 1930,25.92
CA-2018-104745,29-05-2018,Central,Office Supplies,File Shuttle I and Handi-File,53.424
US-2015-119137,23-07-2015,West,Office Supplies,Wilson Jones Custom Binder Spines & Labels,8.16
US-2015-119137,23-07-2015,West,Technology,NETGEAR AC1750 Dual Band Gigabit Smart WiFi Router,1023.936
US-2015-119137,23-07-2015,West,Office Supplies,Newell 324,9.24
US-2015-119137,23-07-2015,West,Technology,Microsoft Natural Keyboard Elite,479.04
US-2017-134656,28-09-2017,Central,Office Supplies,Xerox 1960,99.136
US-2018-134481,27-08-2018,East,Furniture,"Office Impressions End Table, 20-1/2""H x 24""W x 20""D",1488.424
CA-2016-130792,28-04-2016,Central,Office Supplies,Holmes Odor Grabber,8.652
CA-2016-130792,28-04-2016,Central,Office Supplies,Akro-Mils 12-Gallon Tote,23.832
CA-2016-130792,28-04-2016,Central,Office Supplies,"GBC Twin Loop Wire Binding Elements, 9/16"" Spine, Black",12.176
CA-2017-134775,28-10-2017,West,Office Supplies,Southworth Structures Collection,50.96
CA-2017-134775,28-10-2017,West,Office Supplies,"Square Ring Data Binders, Rigid 75 Pt. Covers, 11"" x 14-7/8""",49.536
CA-2016-125395,26-06-2016,Central,Technology,Sony 32GB Class 10 Micro SDHC R40 Memory Card,41.9
US-2016-168935,27-11-2016,South,Furniture,"Hon Practical Foundations 30 x 60 Training Table, Light Gray/Charcoal",375.4575
US-2016-168935,27-11-2016,South,Technology,Logitech Media Keyboard K200,83.976
CA-2016-122756,03-12-2016,East,Technology,Lexmark MarkNet N8150 Wireless Print Server,482.34
CA-2016-122756,03-12-2016,East,Furniture,3M Hangers With Command Adhesive,2.96
CA-2015-115973,24-11-2015,East,Office Supplies,Crayola Colored Pencils,2.624
CA-2018-101798,11-12-2018,East,Office Supplies,"Angle-D Binders with Locking Rings, Label Holders",23.36
CA-2018-101798,11-12-2018,East,Technology,Logitech LS21 Speaker System - PC Multimedia - 2.1-CH - Wired,39.98
US-2015-135972,21-09-2015,West,Technology,Nortel Meridian M3904 Professional Digital phone,246.384
US-2015-135972,21-09-2015,West,Technology,Canon PC1080F Personal Copier,1799.97
US-2015-134971,07-06-2015,Central,Office Supplies,Wilson Jones Century Plastic Molded Ring Binders,12.462
CA-2018-102946,30-06-2018,West,Office Supplies,Tuf-Vin Binders,75.792
CA-2018-165603,17-10-2018,East,Office Supplies,2300 Heavy-Duty Transfer File Systems by Perma,49.96
CA-2018-165603,17-10-2018,East,Office Supplies,Xerox 1958,12.96
CA-2016-122259,31-10-2016,Central,Office Supplies,"Acme 10"" Easy Grip Assistive Scissors",70.12
CA-2017-108987,08-09-2017,Central,Office Supplies,Super Decoflex Portable Personal File,35.952
CA-2017-108987,08-09-2017,Central,Furniture,"Riverside Palais Royal Lawyers Bookcase, Royale Cherry Finish",2396.2656
CA-2017-108987,08-09-2017,Central,Office Supplies,"Contico 72""H Heavy-Duty Storage System",131.136
CA-2017-108987,08-09-2017,Central,Technology,Sony 64GB Class 10 Micro SDHC R40 Memory Card,57.584
CA-2015-113166,24-12-2015,South,Office Supplies,Xerox 1974,9.568
CA-2015-155208,16-04-2015,South,Office Supplies,"Avery Hi-Liter EverBold Pen Style Fluorescent Highlighters, 4/Pack",39.072
CA-2018-117933,24-12-2018,East,Office Supplies,Staple holder,35.91
CA-2018-117457,08-12-2018,West,Technology,Sony 64GB Class 10 Micro SDHC R40 Memory Card,179.95
CA-2018-117457,08-12-2018,West,Technology,Sharp AL-1530CS Digital Copier,1199.976
CA-2018-117457,08-12-2018,West,Office Supplies,"Wirebound Message Book, 4 per Page",27.15
CA-2018-117457,08-12-2018,West,Furniture,"Bevis Round Conference Table Top, X-Base",1004.024
CA-2018-117457,08-12-2018,West,Office Supplies,"Wirebound Service Call Books, 5 1/2"" x 4""",9.68
CA-2018-117457,08-12-2018,West,Office Supplies,Self-Adhesive Removable Labels,28.35
CA-2018-117457,08-12-2018,West,Office Supplies,Xerox 1908,55.98
CA-2018-117457,08-12-2018,West,Furniture,O'Sullivan 4-Shelf Bookcase in Odessa Pine,1336.829
CA-2018-117457,08-12-2018,West,Furniture,Novimex High-Tech Fabric Mesh Task Chair,113.568
CA-2018-142636,03-11-2018,West,Office Supplies,Xerox 191,139.86
CA-2018-142636,03-11-2018,West,Furniture,Global Deluxe Office Fabric Chairs,307.136
CA-2018-122105,24-06-2018,West,Office Supplies,Bulldog Vacuum Base Pencil Sharpener,95.92
CA-2017-148796,14-04-2017,West,Furniture,Bevis Steel Folding Chairs,383.8
CA-2018-154816,06-11-2018,South,Office Supplies,Xerox 1987,5.78
CA-2018-110478,04-03-2018,West,Office Supplies,American Pencil,9.32
CA-2018-110478,04-03-2018,West,Office Supplies,"White Envelopes, White Envelopes with Clear Poly Window",15.25
CA-2015-142048,22-06-2015,West,Technology,KeyTronic 6101 Series - Keyboard - Black,196.752
CA-2018-125388,19-10-2018,East,Furniture,"Westinghouse Mesh Shade Clip-On Gooseneck Lamp, Black",56.56
CA-2018-125388,19-10-2018,East,Office Supplies,Crate-A-Files,32.7
CA-2018-155705,21-08-2018,South,Furniture,Hon Multipurpose Stacking Arm Chairs,866.4
CA-2018-149160,23-11-2018,Central,Furniture,Coloredge Poster Frame,28.4
CA-2018-149160,23-11-2018,Central,Office Supplies,GBC VeloBinder Manual Binding System,287.92
CA-2015-101476,12-09-2015,East,Technology,"Epson WorkForce WF-2530 All-in-One Printer, Copier Scanner",69.99
CA-2018-152275,01-10-2018,Central,Office Supplies,Design Ebony Sketching Pencil,6.672
US-2017-123750,15-04-2017,South,Office Supplies,GBC ProClick 150 Presentation Binding System,189.588
US-2017-123750,15-04-2017,South,Technology,Imation Secure+ Hardware Encrypted USB 2.0 Flash Drive; 16GB,408.744
US-2017-123750,15-04-2017,South,Technology,Imation Secure+ Hardware Encrypted USB 2.0 Flash Drive; 16GB,291.96
US-2017-123750,15-04-2017,South,Office Supplies,Woodgrain Magazine Files by Perma,4.768
CA-2017-127369,06-06-2017,East,Office Supplies,Letter Size Cart,714.3
US-2015-150574,19-12-2015,South,Office Supplies,Insertable Tab Post Binder Dividers,4.812
US-2015-150574,19-12-2015,South,Technology,Belkin QODE FastFit Bluetooth Keyboard,247.8
CA-2017-147375,12-06-2017,Central,Technology,"Canon Color ImageCLASS MF8580Cdw Wireless Laser All-In-One Printer, Copier, Scanner",1007.979
CA-2017-147375,12-06-2017,Central,Office Supplies,Xerox 1908,313.488
CA-2018-130043,15-09-2018,Central,Office Supplies,Xerox 1897,31.872
CA-2018-157252,20-01-2018,East,Furniture,Global Deluxe Steno Chair,207.846
CA-2017-115756,05-09-2017,Central,Furniture,Aluminum Document Frame,12.22
CA-2017-115756,05-09-2017,Central,Office Supplies,Fellowes Bankers Box Staxonsteel Drawer File/Stacking System,194.94
CA-2017-115756,05-09-2017,Central,Office Supplies,Eldon Mobile Mega Data Cart  Mega Stackable  Add-On Trays,70.95
CA-2017-115756,05-09-2017,Central,Office Supplies,"Xerox Color Copier Paper, 11"" x 17"", Ream",91.36
CA-2017-115756,05-09-2017,Central,Furniture,Office Star - Ergonomically Designed Knee Chair,242.94
CA-2017-115756,05-09-2017,Central,Office Supplies,Avery 520,22.05
CA-2018-154214,20-03-2018,Central,Furniture,"GE General Purpose, Extra Long Life, Showcase & Floodlight Incandescent Bulbs",2.91
CA-2017-166674,01-04-2017,East,Office Supplies,Newell 345,59.52
CA-2017-166674,01-04-2017,East,Office Supplies,Fellowes Bankers Box Recycled Super Stor/Drawer,161.94
CA-2017-166674,01-04-2017,East,Office Supplies,Boston 1645 Deluxe Heavier-Duty Electric Pencil Sharpener,263.88
CA-2017-166674,01-04-2017,East,Office Supplies,50 Colored Long Pencils,30.48
CA-2017-166674,01-04-2017,East,Office Supplies,Newell 342,9.84
CA-2017-166674,01-04-2017,East,Technology,Belkin Grip Candy Sheer Case / Cover for iPhone 5 and 5S,35.12
CA-2018-147277,20-10-2018,East,Furniture,Chromcraft Rectangular Conference Tables,284.364
CA-2018-147277,20-10-2018,East,Office Supplies,Deluxe Rollaway Locking File with Drawer,665.408
CA-2017-100153,13-12-2017,Central,Technology,Memorex Mini Travel Drive 16 GB USB 2.0 Flash Drive,63.88
US-2015-110674,12-02-2015,West,Furniture,"Global Geo Office Task Chair, Gray",129.568
US-2017-157945,26-09-2017,Central,Furniture,Hon 4700 Series Mobuis Mid-Back Task Chairs with Adjustable Arms,747.558
US-2017-157945,26-09-2017,Central,Office Supplies,Staple envelope,8.928
CA-2016-109638,15-12-2016,West,Office Supplies,3M Office Air Cleaner,103.92
CA-2016-109638,15-12-2016,West,Technology,Logitech G700s Rechargeable Gaming Mouse,899.91
CA-2016-109638,15-12-2016,West,Office Supplies,Acco D-Ring Binder w/DublLock,51.312
CA-2017-109869,22-04-2017,West,Furniture,Eldon Wave Desk Accessories,23.56
CA-2017-109869,22-04-2017,West,Furniture,Bush Advantage Collection Racetrack Conference Table,1272.63
CA-2017-109869,22-04-2017,West,Office Supplies,Poly Designer Cover & Back,28.485
CA-2017-109869,22-04-2017,West,Office Supplies,Premier Electric Letter Opener,185.376
CA-2017-109869,22-04-2017,West,Office Supplies,"Fellowes Premier Superior Surge Suppressor, 10-Outlet, With Phone and Remote",78.272
US-2016-101399,17-01-2016,Central,Furniture,Eldon ClusterMat Chair Mat with Cordless Antistatic Protection,254.744
CA-2018-154907,31-03-2018,Central,Furniture,Bush Mission Pointe Library,205.3328
US-2017-100419,16-12-2017,Central,Office Supplies,Cardinal Hold-It CD Pocket,4.788
CA-2016-154144,20-12-2016,East,Office Supplies,"Eaton Premium Continuous-Feed Paper, 25% Cotton, Letter Size, White, 1000 Shts/Box",55.48
CA-2015-144666,09-11-2015,West,Office Supplies,SAFCO Boltless Steel Shelving,340.92
CA-2015-144666,09-11-2015,West,Furniture,"Sauder Mission Library with Doors, Fruitwood Finish",222.666
CA-2015-144666,09-11-2015,West,Technology,Samsung Galaxy Note 3,703.968
CA-2015-144666,09-11-2015,West,Office Supplies,"Decoflex Hanging Personal Folder File, Blue",92.52
CA-2015-144666,09-11-2015,West,Office Supplies,"Recycled Desk Saver Line ""While You Were Out"" Book, 5 1/2"" X 4""",62.65
CA-2015-144666,09-11-2015,West,Office Supplies,Xerox 1912,94.85
CA-2017-103891,12-07-2017,West,Technology,Cisco SPA525G2 IP Phone - Wireless,95.76
CA-2017-152632,27-10-2017,East,Furniture,Electrix 20W Halogen Replacement Bulb for Zoom-In Desk Lamp,40.2
CA-2017-100790,26-06-2017,East,Office Supplies,Prang Colored Pencils,14.7
CA-2017-100790,26-06-2017,East,Office Supplies,"Fellowes Strictly Business Drawer File, Letter/Legal Size",704.25
CA-2015-134677,06-10-2015,West,Technology,Imation USB 2.0 Swivel Flash Drive USB flash drive - 4 GB - Pink,9.09
CA-2015-127691,22-07-2015,East,Office Supplies,"Premium Writing Pencils, Soft, #2 by Central Association for the Blind",5.96
CA-2015-127691,22-07-2015,East,Technology,Logitech G602 Wireless Gaming Mouse,159.98
CA-2018-140963,10-06-2018,West,Office Supplies,Alphabetical Labels for Top Tab Filing,29.6
CA-2018-140963,10-06-2018,West,Furniture,O'Sullivan Living Dimensions 2-Shelf Bookcases,514.165
CA-2018-140963,10-06-2018,West,Technology,iHome FM Clock Radio with Lightning Dock,279.96
CA-2015-154627,29-10-2015,Central,Technology,Apple iPhone 5S,2735.952
CA-2015-133753,09-06-2015,Central,Technology,Square Credit Card Reader,7.992
CA-2015-133753,09-06-2015,Central,Technology,Logitech M510 Wireless Mouse,63.984
CA-2015-133753,09-06-2015,Central,Office Supplies,Boston 1645 Deluxe Heavier-Duty Electric Pencil Sharpener,70.368
CA-2015-113362,14-09-2015,East,Office Supplies,Fellowes Officeware Wire Shelving,449.15
CA-2015-113362,14-09-2015,East,Office Supplies,Colored Envelopes,11.07
CA-2017-169166,09-05-2017,West,Technology,Sony Micro Vault Click 8 GB USB 2.0 Flash Drive,93.98
US-2017-120929,18-03-2017,South,Furniture,Balt Solid Wood Rectangular Table,189.882
CA-2016-134782,27-12-2016,South,Office Supplies,"Strathmore #10 Envelopes, Ultimate White",105.42
CA-2017-126158,25-07-2017,West,Office Supplies,Clear Mylar Reinforcing Strips,119.616
CA-2017-126158,25-07-2017,West,Furniture,"Howard Miller 14-1/2"" Diameter Chrome Round Wall Clock",255.76
CA-2017-126158,25-07-2017,West,Furniture,DMI Arturo Collection Mission-style Design Wood Chair,241.568
CA-2017-126158,25-07-2017,West,Furniture,Deflect-O Glasstique Clear Desk Accessories,69.3
US-2017-105578,30-05-2017,West,Office Supplies,Vinyl Sectional Post Binders,22.62
US-2017-105578,30-05-2017,West,Office Supplies,GBC Standard Therm-A-Bind Covers,14.952
US-2017-105578,30-05-2017,West,Furniture,Global Troy Executive Leather Low-Back Tilter,801.568
US-2017-105578,30-05-2017,West,Office Supplies,Storex Flexible Poly Binders with Double Pockets,2.376
US-2017-105578,30-05-2017,West,Office Supplies,"White Dual Perf Computer Printout Paper, 2700 Sheets, 1 Part, Heavyweight, 20 lbs., 14 7/8 x 11",32.792
CA-2018-134978,12-11-2018,East,Office Supplies,"Avery Durable Slant Ring Binders, No Labels",15.92
CA-2016-145352,16-03-2016,South,Office Supplies,Rogers Handheld Barrel Pencil Sharpener,2.74
CA-2016-145352,16-03-2016,South,Office Supplies,Newell 344,8.34
CA-2016-145352,16-03-2016,South,Office Supplies,Personal File Boxes with Fold-Down Carry Handle,46.74
CA-2016-145352,16-03-2016,South,Office Supplies,Fellowes PB500 Electric Punch Plastic Comb Binding Machine with Manual Bind,6354.95
CA-2018-135307,26-11-2018,Central,Furniture,Executive Impressions Supervisor Wall Clock,126.3
CA-2018-135307,26-11-2018,Central,Technology,SanDisk Cruzer 32 GB USB Flash Drive,38.04
CA-2017-106341,20-10-2017,East,Office Supplies,"Premium Writing Pencils, Soft, #2 by Central Association for the Blind",7.152
CA-2018-163405,21-12-2018,West,Office Supplies,Newell 327,6.63
CA-2018-163405,21-12-2018,West,Office Supplies,Newell 317,5.88
CA-2018-127432,22-01-2018,West,Technology,Canon Image Class D660 Copier,2999.95
CA-2018-127432,22-01-2018,West,Office Supplies,Advantus Rolling Storage Box,51.45
CA-2018-127432,22-01-2018,West,Office Supplies,Great White Multi-Use Recycled Paper (20Lb. and 84 Bright),11.96
CA-2018-127432,22-01-2018,West,Office Supplies,Tennsco Single-Tier Lockers,1126.02
CA-2016-157812,22-03-2016,Central,Technology,"Verbatim 25 GB 6x Blu-ray Single Layer Recordable Disc, 25/Pack",18.392
CA-2016-157812,22-03-2016,Central,Office Supplies,Carina Double Wide Media Storage Towers in Natural & Black,129.568
CA-2016-157812,22-03-2016,Central,Office Supplies,XtraLife ClearVue Slant-D Ring Binders by Cardinal,14.112
CA-2018-145142,23-01-2018,Central,Furniture,Balt Solid Wood Rectangular Table,210.98
US-2017-139486,21-05-2017,West,Technology,Motorola HK250 Universal Bluetooth Headset,55.176
US-2017-139486,21-05-2017,West,Technology,Imation 16GB Mini TravelDrive USB 2.0 Flash Drive,66.26
CA-2016-158792,26-12-2016,East,Office Supplies,Staples,22.2
CA-2018-113558,21-10-2018,South,Furniture,Global Commerce Series High-Back Swivel/Tilt Chairs,683.952
CA-2018-113558,21-10-2018,South,Furniture,"Eldon Expressions Desk Accessory, Wood Photo Frame, Mahogany",45.696
US-2016-138303,03-09-2016,East,Office Supplies,Eldon Gobal File Keepers,36.336
US-2016-138303,03-09-2016,East,Office Supplies,Martin Yale Chadless Opener Electric Letter Opener,666.248
US-2016-138303,03-09-2016,East,Office Supplies,"White Business Envelopes with Contemporary Seam, Recycled White Business Envelopes",52.512
CA-2016-102848,07-11-2016,West,Furniture,Safco Contoured Stacking Chairs,190.72
US-2018-129441,07-09-2018,West,Furniture,Tenex Chairmats For Use With Carpeted Floors,47.94
CA-2017-168753,29-05-2017,South,Technology,Panasonic KX-TG9471B,979.95
CA-2017-168753,29-05-2017,South,Office Supplies,Presstex Flexible Ring Binders,22.75
CA-2017-126613,10-07-2017,West,Office Supplies,Sterilite Officeware Hinged File Box,16.768
US-2018-122637,03-09-2018,Central,Office Supplies,"Premier Elliptical Ring Binder, Black",42.616
CA-2016-147851,03-12-2016,East,Office Supplies,Cardinal Poly Pocket Divider Pockets for Ring Binders,10.752
CA-2016-134894,07-12-2016,South,Office Supplies,Eureka The Boss Cordless Rechargeable Stick Vac,152.94
CA-2016-134894,07-12-2016,South,Furniture,"Situations Contoured Folding Chairs, 4/Set",283.92
CA-2015-140795,01-02-2015,Central,Technology,Enermax Aurora Lite Keyboard,468.9
CA-2017-136924,14-07-2017,West,Technology,LG Electronics Tone+ HBS-730 Bluetooth Headset,380.864
US-2016-120161,18-12-2016,East,Office Supplies,Fellowes Officeware Wire Shelving,646.776
CA-2015-103849,11-05-2015,Central,Technology,SanDisk Cruzer 64 GB USB Flash Drive,58.112
CA-2015-103849,11-05-2015,Central,Technology,Xblue XB-1670-86 X16 Small Office Telephone - Titanium,100.792
CA-2015-103849,11-05-2015,Central,Furniture,"Deflect-o EconoMat Studded, No Bevel Mat for Low Pile Carpeting",66.112
CA-2018-162929,19-11-2018,East,Office Supplies,Avery Printable Repositionable Plastic Tabs,41.28
CA-2018-162929,19-11-2018,East,Office Supplies,Xerox 1898,13.36
CA-2016-113173,15-11-2016,Central,Office Supplies,Home/Office Personal File Carts,250.272
CA-2016-113173,15-11-2016,Central,Office Supplies,Flexible Leather- Look Classic Collection Ring Binder,11.364
CA-2016-113173,15-11-2016,Central,Office Supplies,Staple remover,8.72
CA-2017-136406,15-04-2017,West,Furniture,HON 5400 Series Task Chairs for Big and Tall,1121.568
CA-2018-112774,11-09-2018,South,Furniture,"Howard Miller 11-1/2"" Diameter Grantwood Wall Clock",34.504
CA-2018-101945,24-11-2018,Central,Office Supplies,Advantus T-Pin Paper Clips,10.824
CA-2018-100650,29-06-2018,West,Office Supplies,Tennsco 16-Compartment Lockers with Coat Rack,1295.78
CA-2015-155852,03-03-2015,South,Office Supplies,Zebra Zazzle Fluorescent Highlighters,19.456
CA-2017-113243,10-06-2017,West,Office Supplies,Avery 473,20.7
CA-2017-113243,10-06-2017,West,Furniture,Bretford “Just In Time” Height-Adjustable Multi-Task Work Tables,1335.68
CA-2017-113243,10-06-2017,West,Office Supplies,Xerox 226,32.4
CA-2018-118731,20-11-2018,West,Furniture,Coloredge Poster Frame,42.6
CA-2018-118731,20-11-2018,West,Office Supplies,"GBC Prepunched Paper, 19-Hole, for Binding Systems, 24-lb",84.056
CA-2015-145576,14-09-2015,South,Office Supplies,"Sanitaire Vibra Groomer IR Commercial Upright Vacuum, Replacement Belts",13
CA-2015-145576,14-09-2015,South,Furniture,Advantus Panel Wall Acrylic Frame,13.128
CA-2016-130736,07-12-2016,West,Office Supplies,"Alliance Big Bands Rubber Bands, 12/Pack",3.96
CA-2016-130736,07-12-2016,West,Office Supplies,Avery 509,2.61
CA-2018-137099,07-12-2018,West,Technology,Cisco SPA301,374.376
CA-2018-156951,01-10-2018,West,Office Supplies,Personal Creations Ink Jet Cards and Labels,91.84
CA-2018-156951,01-10-2018,West,Office Supplies,"GBC White Gloss Covers, Plain Front",81.088
CA-2018-156951,01-10-2018,West,Office Supplies,Xerox 222,19.44
CA-2018-156951,01-10-2018,West,Furniture,Hon Every-Day Series Multi-Task Chairs,451.152
CA-2018-164826,28-12-2018,East,Office Supplies,Avery 473,72.45
CA-2018-164826,28-12-2018,East,Office Supplies,OIC Bulk Pack Metal Binder Clips,13.96
CA-2018-164826,28-12-2018,East,Office Supplies,Storex Dura Pro Binders,33.264
CA-2018-164826,28-12-2018,East,Technology,Cush Cases Heavy Duty Rugged Cover Case for Samsung Galaxy S5 - Purple,14.85
CA-2017-127250,03-11-2017,West,Office Supplies,Newell 332,8.82
CA-2016-149713,18-09-2016,West,Office Supplies,Personal Creations Ink Jet Cards and Labels,160.72
CA-2016-149713,18-09-2016,West,Office Supplies,Rediform S.O.S. Phone Message Books,19.92
CA-2016-149713,18-09-2016,West,Office Supplies,Acme Value Line Scissors,7.3
CA-2018-118640,20-07-2018,Central,Office Supplies,"Trav-L-File Heavy-Duty Shuttle II, Black",69.712
CA-2018-118640,20-07-2018,Central,Furniture,"Contract Clock, 14"", Brown",8.792
CA-2016-132906,10-09-2016,West,Office Supplies,Martin-Yale Premier Letter Opener,51.52
CA-2018-145233,01-12-2018,West,Technology,GE 30524EE4,470.376
CA-2018-145233,01-12-2018,West,Technology,AT&T SB67148 SynJ,105.584
CA-2018-145233,01-12-2018,West,Office Supplies,Fellowes Basic Home/Office Series Surge Protectors,31.152
CA-2018-145233,01-12-2018,West,Office Supplies,Recycled Pressboard Report Cover with Reinforced Top Hinge,6.783
CA-2018-145233,01-12-2018,West,Technology,Jabra BIZ 2300 Duo QD Duo Corded Headset,406.368
CA-2016-128139,03-07-2016,South,Furniture,Novimex High-Tech Fabric Mesh Task Chair,70.98
CA-2016-128139,03-07-2016,South,Office Supplies,"Dot Matrix Printer Tape Reel Labels, White, 5000/Box",294.93
US-2017-156986,20-03-2017,West,Technology,i.Sound Portable Power - 8000 mAh,84.784
US-2017-156986,20-03-2017,West,Office Supplies,Xerox 225,20.736
US-2017-156986,20-03-2017,West,Office Supplies,Clear Mylar Reinforcing Strips,16.821
US-2017-156986,20-03-2017,West,Office Supplies,Xerox 1894,10.368
CA-2015-135405,09-01-2015,Central,Office Supplies,Newell 312,9.344
CA-2015-135405,09-01-2015,Central,Technology,Memorex Micro Travel Drive 8 GB,31.2
CA-2015-131450,08-08-2015,West,Office Supplies,Fellowes Superior 10 Outlet Split Surge Protector,76.12
CA-2015-131450,08-08-2015,West,Technology,Sharp AL-1530CS Digital Copier,1199.976
CA-2015-131450,08-08-2015,West,Technology,AT&T 1070 Corded Phone,445.96
CA-2015-131450,08-08-2015,West,Furniture,Dana Halogen Swing-Arm Architect Lamp,327.76
CA-2017-120180,14-07-2017,East,Office Supplies,Acme Stainless Steel Office Snips,11.632
US-2017-100720,16-07-2017,East,Technology,Mophie Juice Pack Helium for iPhone,143.982
US-2017-100720,16-07-2017,East,Technology,GE 2-Jack Phone Line Splitter,494.376
US-2017-100720,16-07-2017,East,Office Supplies,Acme Value Line Scissors,5.84
CA-2015-149958,15-03-2015,South,Office Supplies,"Hot File 7-Pocket, Floor Stand",142.776
CA-2015-149958,15-03-2015,South,Furniture,"Eldon Expressions Desk Accessory, Wood Photo Frame, Mahogany",45.696
CA-2015-149958,15-03-2015,South,Office Supplies,Insertable Tab Post Binder Dividers,7.218
CA-2015-149958,15-03-2015,South,Office Supplies,GBC VeloBinder Manual Binding System,43.188
CA-2015-149958,15-03-2015,South,Office Supplies,Xerox 1889,131.904
US-2015-105767,23-05-2015,East,Office Supplies,Angle-D Ring Binders,3.282
US-2015-105767,23-05-2015,East,Office Supplies,Newell 317,21.168
US-2015-105767,23-05-2015,East,Technology,Motorola L804,55.188
CA-2017-161816,28-04-2017,Central,Technology,Nortel Meridian M3904 Professional Digital phone,369.576
CA-2017-161816,28-04-2017,Central,Office Supplies,Avery 493,15.712
CA-2017-121223,11-09-2017,East,Office Supplies,Xerox 1972,8.448
CA-2017-121223,11-09-2017,East,Technology,Cisco 8x8 Inc. 6753i IP Business Phone System,728.946
CA-2018-138611,14-11-2018,East,Technology,PureGear Roll-On Screen Protector,119.94
CA-2018-138611,14-11-2018,East,Office Supplies,Prestige Round Ring Binders,3.648
CA-2018-117947,18-08-2018,East,Furniture,"DAX Metal Frame, Desktop, Stepped-Edge",40.48
CA-2018-117947,18-08-2018,East,Furniture,"DAX Value U-Channel Document Frames, Easel Back",9.94
CA-2018-117947,18-08-2018,East,Office Supplies,Recycled Easel Ring Binders,107.424
CA-2018-117947,18-08-2018,East,Technology,Grandstream GXP1160 VoIP phone,37.91
CA-2018-117947,18-08-2018,East,Furniture,"Seth Thomas 14"" Putty-Colored Wall Clock",88.02
US-2015-111171,26-12-2015,Central,Office Supplies,"Cardinal Slant-D Ring Binder, Heavy Gauge Vinyl",8.69
CA-2016-138009,29-11-2016,Central,Furniture,"Global Manager's Adjustable Task Chair, Storm",301.96
CA-2016-138009,29-11-2016,Central,Office Supplies,Honeywell Enviracaire Portable HEPA Air Cleaner for up to 10 x 16 Room,555.21
CA-2016-138009,29-11-2016,Central,Office Supplies,"Mini 13-1/2 Capacity Data Binder Rack, Pearl",523.48
CA-2016-138009,29-11-2016,Central,Office Supplies,"BOSTON Model 1800 Electric Pencil Sharpeners, Putty/Woodgrain",161.82
CA-2018-163020,15-09-2018,East,Furniture,"Master Caster Door Stop, Brown",35.56
CA-2018-153787,19-05-2018,West,Office Supplies,Belkin Premiere Surge Master II 8-outlet surge protector,97.16
CA-2018-133431,17-12-2018,West,Office Supplies,"Acco Pressboard Covers with Storage Hooks, 9 1/2"" x 11"", Executive Red",15.24
CA-2018-133431,17-12-2018,West,Office Supplies,"Ampad Gold Fibre Wirebound Steno Books, 6"" x 9"", Gregg Ruled",13.23
US-2017-135720,11-12-2017,West,Office Supplies,Tennsco Regal Shelving Units,243.384
US-2017-135720,11-12-2017,West,Technology,Imation 32GB Pocket Pro USB 3.0 Flash Drive - 32 GB - Black - 1 P ...,119.8
US-2017-135720,11-12-2017,West,Technology,Jabra SPEAK 410,300.768
CA-2018-144694,24-09-2018,South,Technology,"Verbatim 25 GB 6x Blu-ray Single Layer Recordable Disc, 1/Pack",17.88
CA-2018-144694,24-09-2018,South,Office Supplies,"Dot Matrix Printer Tape Reel Labels, White, 5000/Box",235.944
CA-2016-168004,04-10-2016,South,Furniture,Office Star - Mesh Screen back chair with Vinyl seat,392.94
US-2017-123470,15-08-2017,West,Office Supplies,Premium Transparent Presentation Covers by GBC,18.882
US-2017-123470,15-08-2017,West,Office Supplies,Tripp Lite TLP810NET Broadband Surge for Modem/Fax,122.328
CA-2017-115917,20-05-2017,West,Furniture,Luxo Professional Fluorescent Magnifier Lamp with Clamp-Mount Base,1049.2
CA-2017-115917,20-05-2017,West,Office Supplies,Wilson Jones Turn Tabs Binder Tool for Ring Binders,15.424
CA-2017-147067,18-12-2017,Central,Furniture,Eldon 200 Class Desk Accessories,18.84
CA-2018-167913,30-07-2018,West,Office Supplies,Economy Rollaway Files,330.4
CA-2018-167913,30-07-2018,West,Office Supplies,Avery 480,26.25
CA-2018-106103,10-06-2018,Central,Technology,Imation 16GB Mini TravelDrive USB 2.0 Flash Drive,132.52
US-2018-127719,21-07-2018,East,Office Supplies,Xerox 1993,6.48
CA-2018-126221,30-12-2018,Central,Office Supplies,"Eureka The Boss Plus 12-Amp Hard Box Upright Vacuum, Red",209.3
CA-2017-103947,01-04-2017,West,Office Supplies,Staples,31.56
CA-2017-103947,01-04-2017,West,Office Supplies,Belkin F9H710-06 7 Outlet SurgeMaster Surge Protector,30.144
CA-2017-160745,11-12-2017,West,Furniture,3M Hangers With Command Adhesive,14.8
CA-2017-160745,11-12-2017,West,Technology,AT&T TR1909W,302.376
CA-2017-160745,11-12-2017,West,Technology,First Data FD10 PIN Pad,316
CA-2017-132661,23-10-2017,East,Office Supplies,"Snap-A-Way Black Print Carbonless Ruled Speed Letter, Triplicate",379.4
CA-2018-140844,19-06-2018,East,Office Supplies,Xerox 1943,97.82
CA-2018-140844,19-06-2018,East,Technology,Sony 16GB Class 10 Micro SDHC R40 Memory Card,103.12
CA-2017-137239,22-08-2017,East,Office Supplies,Tripp Lite Isotel 8 Ultra 8 Outlet Metal Surge,113.552
CA-2017-137239,22-08-2017,East,Office Supplies,Avery Durable Poly Binders,3.318
CA-2017-137239,22-08-2017,East,Office Supplies,Airmail Envelopes,134.288
US-2017-156097,19-09-2017,Central,Furniture,Global Troy Executive Leather Low-Back Tilter,701.372
US-2017-156097,19-09-2017,Central,Office Supplies,Avery Binding System Hidden Tab Executive Style Index Sets,2.308
CA-2016-146563,24-08-2016,Central,Office Supplies,"Hot File 7-Pocket, Floor Stand",999.432
CA-2016-146563,24-08-2016,Central,Office Supplies,Space Solutions Commercial Steel Shelving,724.08
CA-2016-146563,24-08-2016,Central,Furniture,Hon Racetrack Conference Tables,918.785
CA-2016-146563,24-08-2016,Central,Office Supplies,"Avery Durable Plastic 1"" Binders",2.724
CA-2017-123666,26-03-2017,East,Office Supplies,"Gould Plastics 18-Pocket Panel Bin, 34w x 5-1/4d x 20-1/2h",459.95
CA-2017-143308,04-11-2017,South,Office Supplies,"OIC Colored Binder Clips, Assorted Sizes",10.74
CA-2018-132682,08-06-2018,Central,Office Supplies,Acme Tagit Stainless Steel Antibacterial Scissors,23.76
CA-2018-132682,08-06-2018,Central,Office Supplies,Easy-staple paper,85.056
CA-2018-132682,08-06-2018,Central,Technology,ClearOne Communications CHAT 70 OC Speaker Phone,381.576
CA-2015-156314,24-12-2015,East,Furniture,"Master Giant Foot Doorstop, Safety Yellow",30.36
US-2018-106663,09-06-2018,Central,Furniture,12-1/2 Diameter Round Wall Clock,23.976
US-2018-106663,09-06-2018,Central,Furniture,"Chromcraft Bull-Nose Wood Round Conference Table Top, Wood Base",108.925
US-2018-106663,09-06-2018,Central,Office Supplies,"Adams Telephone Message Book W/Dividers/Space For Phone Numbers, 5 1/4""X8 1/2"", 200/Messages",36.352
CA-2018-111178,15-06-2018,Central,Office Supplies,Newell 331,19.56
CA-2018-130351,05-12-2018,Central,Office Supplies,Kensington 6 Outlet Guardian Standard Surge Protector,61.44
CA-2018-130351,05-12-2018,Central,Office Supplies,"Southworth 100% Résumé Paper, 24lb.",38.9
CA-2018-130351,05-12-2018,Central,Technology,Imation 16GB Mini TravelDrive USB 2.0 Flash Drive,99.39
US-2018-119438,18-03-2018,Central,Office Supplies,Hoover Portapower Portable Vacuum,2.688
US-2018-119438,18-03-2018,Central,Technology,"Verbatim 25 GB 6x Blu-ray Single Layer Recordable Disc, 10/Pack",27.816
US-2018-119438,18-03-2018,Central,Furniture,"Howard Miller 13-1/2"" Diameter Rosebrook Wall Clock",82.524
US-2018-119438,18-03-2018,Central,Office Supplies,Ibico Hi-Tech Manual Binding System,182.994
CA-2017-164511,19-11-2017,East,Office Supplies,Avery Hanging File Binders,14.352
CA-2017-164511,19-11-2017,East,Office Supplies,Fellowes Neat Ideas Storage Cubes,64.96
CA-2017-164511,19-11-2017,East,Office Supplies,Advantus Rolling Storage Box,68.6
US-2018-168116,04-11-2018,South,Technology,Cubify CubeX 3D Printer Triple Head Print,7999.98
US-2018-168116,04-11-2018,South,Office Supplies,"Eureka The Boss Plus 12-Amp Hard Box Upright Vacuum, Red",167.44
CA-2015-157784,05-07-2015,South,Technology,NETGEAR AC1750 Dual Band Gigabit Smart WiFi Router,479.97
CA-2015-157784,05-07-2015,South,Office Supplies,Avery 516,14.62
CA-2015-157784,05-07-2015,South,Office Supplies,Xerox 1995,19.44
CA-2018-161480,25-12-2018,East,Furniture,"Bush Andora Bookcase, Maple/Graphite Gray Finish",191.984
US-2015-117135,21-06-2015,South,Furniture,Luxo Professional Magnifying Clamp-On Fluorescent Lamps,104.01
US-2015-117135,21-06-2015,South,Technology,Konftel 250 Conference phone - Charcoal black,284.82
US-2015-117135,21-06-2015,South,Office Supplies,Recycled Eldon Regeneration Jumbo File,36.84
CA-2016-131534,28-03-2016,West,Technology,Imation Bio 8GB USB Flash Drive Imation Corp,166.24
CA-2016-131534,28-03-2016,West,Office Supplies,Xerox 1977,33.4
CA-2016-119291,14-05-2016,East,Office Supplies,"Boston School Pro Electric Pencil Sharpener, 1670",198.272
CA-2016-119291,14-05-2016,East,Office Supplies,Avery 490,47.36
CA-2016-119291,14-05-2016,East,Office Supplies,Jet-Pak Recycled Peel 'N' Seal Padded Mailers,200.984
CA-2016-119291,14-05-2016,East,Office Supplies,"Avery 4027 File Folder Labels for Dot Matrix Printers, 5000 Labels per Box, White",97.696
CA-2016-119291,14-05-2016,East,Office Supplies,"Binney & Smith Crayola Metallic Crayons, 16-Color Pack",2.696
CA-2016-119291,14-05-2016,East,Office Supplies,GBC Linen Binding Covers,18.588
CA-2016-119291,14-05-2016,East,Office Supplies,Wilson Jones Custom Binder Spines & Labels,4.896
CA-2018-114552,02-09-2018,East,Furniture,"Eldon 200 Class Desk Accessories, Burgundy",15.072
CA-2017-163755,04-11-2017,West,Furniture,"Tenex ""The Solids"" Textured Chair Mats",209.88
CA-2016-142027,09-04-2016,West,Furniture,Laminate Occasional Tables,369.912
CA-2015-138527,12-09-2015,South,Office Supplies,Xerox 220,10.368
CA-2015-138527,12-09-2015,South,Office Supplies,Fellowes 8 Outlet Superior Workstation Surge Protector,166.84
CA-2015-138527,12-09-2015,South,Technology,SanDisk Cruzer 32 GB USB Flash Drive,15.216
CA-2015-112158,02-12-2015,East,Technology,Logitech 910-002974 M325 Wireless Mouse for Web Scrolling,119.96
CA-2015-112158,02-12-2015,East,Furniture,O'Sullivan Living Dimensions 5-Shelf Bookcases,883.92
CA-2015-112158,02-12-2015,East,Office Supplies,"Angle-D Binders with Locking Rings, Label Holders",46.72
CA-2015-113887,05-04-2015,East,Office Supplies,"Eaton Premium Continuous-Feed Paper, 25% Cotton, Letter Size, White, 1000 Shts/Box",55.48
CA-2018-146136,03-09-2018,South,Office Supplies,"#10- 4 1/8"" x 9 1/2"" Security-Tint Envelopes",24.448
US-2018-100048,19-05-2018,East,Office Supplies,Bionaire Personal Warm Mist Humidifier/Vaporizer,281.34
US-2018-100048,19-05-2018,East,Technology,Nortel Meridian M3904 Professional Digital phone,307.98
US-2018-100048,19-05-2018,East,Technology,Logitech Wireless Performance Mouse MX for PC and Mac,299.97
CA-2015-153150,01-07-2015,West,Office Supplies,Cardinal Holdit Business Card Pockets,19.92
CA-2015-130092,11-01-2015,East,Furniture,"DAX Value U-Channel Document Frames, Easel Back",9.94
CA-2018-108910,24-09-2018,East,Furniture,"Howard Miller 13"" Diameter Pewter Finish Round Wall Clock",103.056
CA-2015-104472,02-06-2015,West,Office Supplies,GBC Standard Therm-A-Bind Covers,59.808
CA-2015-104472,02-06-2015,West,Furniture,Aluminum Document Frame,73.32
CA-2017-112942,13-02-2017,West,Office Supplies,Tops Green Bar Computer Printout Paper,146.82
CA-2017-142335,15-12-2017,Central,Furniture,Chromcraft Bull-Nose Wood Oval Conference Tables & Bases,1652.94
CA-2017-142335,15-12-2017,Central,Office Supplies,"Recycled Data-Pak for Archival Bound Computer Printouts, 12-1/2 x 12-1/2 x 16",296.37
CA-2015-117429,07-10-2015,East,Furniture,"Seth Thomas 16"" Steel Case Clock",129.92
CA-2017-114713,07-07-2017,South,Office Supplies,Acme Softgrip Scissors,45.584
CA-2018-144113,16-09-2018,Central,Office Supplies,"Manila Recycled Extra-Heavyweight Clasp Envelopes, 6"" x 9""",17.568
CA-2018-144113,16-09-2018,Central,Technology,ClearSounds CSC500 Amplified Spirit Phone Corded phone,55.992
US-2017-150861,03-12-2017,East,Office Supplies,Xerox 1964,182.72
US-2017-150861,03-12-2017,East,Furniture,"Bevis Traditional Conference Table Top, Plinth Base",400.032
US-2017-150861,03-12-2017,East,Office Supplies,"Personal Folder Holder, Ebony",33.63
US-2017-150861,03-12-2017,East,Furniture,"Global Leather Highback Executive Chair with Pneumatic Height Adjustment, Black",542.646
US-2017-150861,03-12-2017,East,Office Supplies,Avery 520,6.3
CA-2018-131954,21-01-2018,West,Office Supplies,Carina Double Wide Media Storage Towers in Natural & Black,242.94
CA-2018-131954,21-01-2018,West,Technology,Logitech Illuminated - Keyboard,179.97
CA-2018-131954,21-01-2018,West,Office Supplies,Wilson Jones Century Plastic Molded Ring Binders,99.696
CA-2018-131954,21-01-2018,West,Office Supplies,Wilson Jones Leather-Like Binders with DublLock Round Rings,27.936
CA-2018-131954,21-01-2018,West,Furniture,O'Sullivan Cherrywood Estates Traditional Bookcase,84.98
CA-2018-131954,21-01-2018,West,Office Supplies,Acco Translucent Poly Ring Binders,18.72
CA-2015-132500,08-09-2015,West,Technology,Logitech Wireless Touch Keyboard K400,49.98
CA-2015-112326,04-01-2015,Central,Office Supplies,Avery 508,11.784
CA-2015-112326,04-01-2015,Central,Office Supplies,SAFCO Boltless Steel Shelving,272.736
CA-2015-112326,04-01-2015,Central,Office Supplies,GBC Standard Plastic Binding Systems Combs,3.54
US-2017-146710,27-08-2017,Central,Office Supplies,Martin-Yale Premier Letter Opener,51.52
US-2017-146710,27-08-2017,Central,Office Supplies,"Ampad Gold Fibre Wirebound Steno Books, 6"" x 9"", Gregg Ruled",3.528
US-2017-146710,27-08-2017,Central,Office Supplies,Xerox 196,4.624
US-2017-146710,27-08-2017,Central,Office Supplies,"Fiskars 8"" Scissors, 2/Pack",55.168
CA-2015-124429,27-05-2015,West,Furniture,KI Conference Tables,567.12
CA-2015-124429,27-05-2015,West,Office Supplies,Fellowes Officeware Wire Shelving,359.32
CA-2017-150889,20-03-2017,Central,Technology,Belkin iPhone and iPad Lightning Cable,11.992
CA-2018-126074,02-10-2018,Central,Office Supplies,GBC Durable Plastic Covers,58.05
CA-2018-126074,02-10-2018,Central,Furniture,Nu-Dell Leatherette Frames,157.74
CA-2018-126074,02-10-2018,Central,Office Supplies,"Avery Hi-Liter EverBold Pen Style Fluorescent Highlighters, 4/Pack",56.98
CA-2018-126074,02-10-2018,Central,Office Supplies,Avery Durable Binders,2.88
CA-2017-110499,07-04-2017,West,Technology,Hewlett Packard 610 Color Digital Copier / Printer,1199.976
CA-2016-135272,07-12-2016,West,Furniture,12-1/2 Diameter Round Wall Clock,79.92
CA-2017-140928,18-09-2017,South,Furniture,Chromcraft Round Conference Tables,383.438
CA-2015-106803,29-12-2015,Central,Office Supplies,Recycled Eldon Regeneration Jumbo File,24.56
CA-2015-106803,29-12-2015,Central,Technology,Imation 32GB Pocket Pro USB 3.0 Flash Drive - 32 GB - Black - 1 P ...,119.8
CA-2018-117240,23-07-2018,East,Office Supplies,Angle-D Ring Binders,13.128
CA-2018-133333,18-09-2018,Central,Office Supplies,"Adams Telephone Message Book W/Dividers/Space For Phone Numbers, 5 1/4""X8 1/2"", 200/Messages",22.72
CA-2016-112319,31-08-2016,West,Office Supplies,Xerox 226,58.32
CA-2018-126046,03-11-2018,South,Office Supplies,Avery 476,12.39
CA-2016-114923,08-02-2016,East,Technology,JBL Micro Wireless Portable Bluetooth Speaker,107.982
CA-2015-162775,13-01-2015,South,Office Supplies,Staple envelope,11.36
CA-2015-162775,13-01-2015,South,Office Supplies,Brown Kraft Recycled Envelopes,50.94
CA-2015-162775,13-01-2015,South,Technology,Plantronics S12 Corded Telephone Headset System,646.74
CA-2015-162775,13-01-2015,South,Office Supplies,3-ring staple pack,5.64
CA-2015-162775,13-01-2015,South,Office Supplies,Fellowes Stor/Drawer Steel Plus Storage Drawers,572.58
CA-2015-106810,14-05-2015,South,Furniture,Electrix Halogen Magnifier Lamp,310.88
CA-2017-157245,19-05-2017,South,Furniture,Hon 4070 Series Pagoda Round Back Stacking Chairs,641.96
CA-2018-104220,30-01-2018,Central,Office Supplies,Cardinal EasyOpen D-Ring Binders,18.28
CA-2018-104220,30-01-2018,Central,Technology,AT&T 841000 Phone,207
CA-2018-104220,30-01-2018,Central,Office Supplies,GBC Instant Report Kit,32.35
CA-2018-104220,30-01-2018,Central,Office Supplies,DXL Angle-View Binders with Locking Rings by Samsill,7.71
CA-2018-104220,30-01-2018,Central,Office Supplies,Boston 19500 Mighty Mite Electric Pencil Sharpener,40.3
CA-2018-104220,30-01-2018,Central,Furniture,"C-Line Magnetic Cubicle Keepers, Clear Polypropylene",34.58
CA-2015-165974,29-06-2015,East,Office Supplies,"Dixon My First Ticonderoga Pencil, #2",32.76
CA-2016-144267,21-08-2016,West,Furniture,Hon GuestStacker Chair,544.008
CA-2016-144267,21-08-2016,West,Office Supplies,Xerox 191,59.94
CA-2016-144267,21-08-2016,West,Office Supplies,Xerox 1974,23.92
CA-2016-144267,21-08-2016,West,Office Supplies,Xerox 1927,4.28
US-2016-157014,03-10-2016,East,Office Supplies,Acco D-Ring Binder w/DublLock,32.07
US-2016-157014,03-10-2016,East,Technology,Imation 8gb Micro Traveldrive Usb 2.0 Flash Drive,24
US-2016-157014,03-10-2016,East,Furniture,"Safco Value Mate Series Steel Bookcases, Baked Enamel Finish on Steel, Gray",35.49
US-2016-157014,03-10-2016,East,Technology,Microsoft Natural Ergonomic Keyboard 4000,47.984
CA-2016-154921,23-05-2016,South,Office Supplies,Cameo Buff Policy Envelopes,186.69
CA-2018-129567,17-03-2018,West,Office Supplies,Heavy-Duty E-Z-D Binders,17.456
CA-2016-154620,12-12-2016,West,Furniture,"Lifetime Advantage Folding Chairs, 4/Carton",348.928
CA-2016-115938,26-06-2016,South,Office Supplies,GBC VeloBinder Manual Binding System,143.96
CA-2016-115938,26-06-2016,South,Office Supplies,"Decoflex Hanging Personal Folder File, Blue",15.42
CA-2016-115938,26-06-2016,South,Office Supplies,"Acco PRESSTEX Data Binder with Storage Hooks, Dark Blue, 9 1/2"" X 11""",43.04
CA-2016-115938,26-06-2016,South,Furniture,Office Star - Contemporary Task Swivel Chair,332.94
CA-2017-105256,20-05-2017,South,Technology,Cisco Unified IP Phone 7945G VoIP phone,1363.96
CA-2015-156433,20-09-2015,West,Office Supplies,Avery 499,9.96
CA-2015-156433,20-09-2015,West,Office Supplies,"Wirebound Message Book, 4 per Page",21.72
CA-2018-151428,21-09-2018,Central,Office Supplies,Avery Durable Binders,20.16
CA-2016-124653,24-12-2016,East,Office Supplies,Xerox 1887,132.79
CA-2016-124653,24-12-2016,East,Office Supplies,Xerox 1967,12.96
CA-2016-124653,24-12-2016,East,Office Supplies,Smead Alpha-Z Color-Coded Second Alphabetical Labels and Starter Set,21.56
CA-2016-101910,27-11-2016,West,Furniture,"Situations Contoured Folding Chairs, 4/Set",283.92
CA-2018-105809,20-02-2018,West,Furniture,"Executive Impressions 14"" Contract Wall Clock",22.23
CA-2018-105809,20-02-2018,West,Technology,Logitech Mobile Speakerphone P710e - speaker phone,215.968
CA-2017-136133,18-08-2017,East,Office Supplies,Belkin 7 Outlet SurgeMaster II,355.32
CA-2017-115504,12-03-2017,South,Office Supplies,Xerox 218,12.96
CA-2018-135783,22-04-2018,West,Furniture,"Eldon Stackable Tray, Side-Load, Legal, Smoke",18.28
CA-2015-134313,01-11-2015,West,Office Supplies,Model L Table or Wall-Mount Pencil Sharpener,43.176
CA-2015-134313,01-11-2015,West,Technology,ClearOne CHATAttach 160 - speaker phone,1983.968
CA-2016-140921,03-02-2016,Central,Furniture,Coloredge Poster Frame,28.4
CA-2016-140921,03-02-2016,Central,Technology,Kensington SlimBlade Notebook Wireless Mouse with Nano Receiver,149.97
CA-2015-151995,13-10-2015,West,Office Supplies,Newell 32,11.52
CA-2015-151995,13-10-2015,West,Furniture,"Bevis Round Bullnose 29"" High Table Top",1298.55
CA-2015-151995,13-10-2015,West,Office Supplies,Belkin F9G930V10-GRY 9 Outlet Surge,213.92
CA-2015-151995,13-10-2015,West,Technology,Sony 16GB Class 10 Micro SDHC R40 Memory Card,25.78
CA-2018-143686,14-05-2018,West,Furniture,"Eldon Stackable Tray, Side-Load, Legal, Smoke",18.28
CA-2018-143686,14-05-2018,West,Technology,Razer Tiamat Over Ear 7.1 Surround Sound PC Gaming Headset,1399.93
CA-2016-106565,20-03-2016,Central,Office Supplies,Xerox 205,51.84
CA-2017-149370,15-09-2017,East,Office Supplies,Xerox 1968,5.344
CA-2015-140858,28-06-2015,East,Office Supplies,Xerox 1995,41.472
CA-2015-140858,28-06-2015,East,Office Supplies,Self-Adhesive Ring Binder Labels,3.168
CA-2015-140858,28-06-2015,East,Furniture,Global Leather Executive Chair,1228.465
CA-2015-140858,28-06-2015,East,Office Supplies,GBC Recycled Grain Textured Covers,31.086
CA-2015-140858,28-06-2015,East,Office Supplies,Xerox 1941,335.52
CA-2018-101434,20-06-2018,East,Technology,Razer Kraken PRO Over Ear PC and Music Headset,239.97
CA-2018-101434,20-06-2018,East,Office Supplies,Avery 508,9.82
US-2015-102071,09-05-2015,West,Technology,Kingston Digital DataTraveler 32GB USB 2.0,67.8
US-2015-102071,09-05-2015,West,Technology,Sony Micro Vault Click 16 GB USB 2.0 Flash Drive,167.97
CA-2018-126956,21-08-2018,Central,Office Supplies,Advantus Plastic Paper Clips,35
CA-2018-126956,21-08-2018,Central,Office Supplies,Acme Forged Steel Scissors with Black Enamel Handles,37.24
CA-2018-126956,21-08-2018,Central,Office Supplies,Security-Tint Envelopes,15.28
CA-2018-129462,16-06-2018,South,Furniture,"Global Airflow Leather Mesh Back Chair, Black",301.96
CA-2018-129462,16-06-2018,South,Office Supplies,"Fellowes Smart Surge Ten-Outlet Protector, Platinum",180.66
CA-2018-129462,16-06-2018,South,Technology,Pyle PMP37LED,191.98
CA-2018-129462,16-06-2018,South,Technology,Clarity 53712,65.99
CA-2017-165316,23-07-2017,South,Office Supplies,Boston 16801 Nautilus Battery Pencil Sharpener,35.216
CA-2017-165316,23-07-2017,South,Office Supplies,"Holmes Replacement Filter for HEPA Air Cleaner, Large Room",23.696
CA-2017-165316,23-07-2017,South,Technology,Zebra GX420t Direct Thermal/Thermal Transfer Printer,265.475
US-2015-115987,08-09-2015,Central,Office Supplies,GBC ProClick Punch Binding System,51.184
US-2018-156083,04-11-2018,South,Office Supplies,"Adams Telephone Message Books, 5 1/4” x 11”",9.664
US-2017-137547,07-03-2017,Central,Technology,Belkin Grip Candy Sheer Case / Cover for iPhone 5 and 5S,21.072
CA-2016-100454,20-11-2016,East,Office Supplies,Boston 19500 Mighty Mite Electric Pencil Sharpener,60.45
CA-2016-100454,20-11-2016,East,Office Supplies,Newell 335,11.52
